{"cameraMode":{"drawMode":0,"name":"Shaded","section":"Shading Mode"},"sceneLighting":false,"audioPlay":false,"sceneViewState":{"showFog":true,"showMaterialUpdate":false,"showSkybox":false,"showFlares":true,"showImageEffects":true,"showParticleSystems":true},"in2DMode":false,"pivot":{"x":3.863546848297119,"y":1.3700000047683716,"z":0.9668245315551758},"rotation":{"x":-0.2846014201641083,"y":0.08670275658369065,"z":-0.025853516533970834,"w":-0.954380452632904},"size":3.7770230770111086,"orthographic":false}