{"cameraMode":{"drawMode":0,"name":"Shaded","section":"Shading Mode"},"sceneLighting":true,"audioPlay":false,"sceneViewState":{"showFog":true,"showMaterialUpdate":false,"showSkybox":true,"showFlares":true,"showImageEffects":true,"showParticleSystems":true},"in2DMode":false,"pivot":{"x":7.643801212310791,"y":4.494013786315918,"z":-9.424639701843262},"rotation":{"x":-0.24592891335487367,"y":0.4590721130371094,"z":-0.1339009702205658,"w":-0.8431310653686523},"size":8.60645866394043,"orthographic":false}